<?xml version="1.0" encoding="UTF-8" standalone="no"?><Empleados><Empleado><Codigo>1</Codigo><Nombre>Juan</Nombre><Direccion>Calle A</Direccion><Salario>1000.0</Salario><Comision>150.0</Comision></Empleado><Empleado><Codigo>2</Codigo><Nombre>Ana</Nombre><Direccion>Calle B</Direccion><Salario>1200.5</Salario><Comision>200.0</Comision></Empleado><Empleado><Codigo>3</Codigo><Nombre>Luis</Nombre><Direccion>Calle C</Direccion><Salario>1100.0</Salario><Comision>180.0</Comision></Empleado><Empleado><Codigo>4</Codigo><Nombre>Marta</Nombre><Direccion>Calle D</Direccion><Salario>1300.0</Salario><Comision>220.0</Comision></Empleado><Empleado><Codigo>5</Codigo><Nombre>Carlos</Nombre><Direccion>Calle E</Direccion><Salario>1500.0</Salario><Comision>250.0</Comision></Empleado></Empleados>