<?xml version="1.0" encoding="UTF-8"?>
<!--
Click nbfs://nbhost/SystemFileSystem/Templates/Licenses/license-default.txt to change this license
Click nbfs://nbhost/SystemFileSystem/Templates/XML/XMLDocument.xml to edit this template
-->
<!DOCTYPE hibernate-configuration PUBLIC "-//Hibernate/Hibernate Configuration DTD 3.0//en"
"http://hibernate.org/dtd/hibernate-configuration-3.0.dtd">
<hibernate-configuration>
    <session-factory>
        <property name="connection.driver_class">com.mysql.cj.jdbc.Driver</property>
        <property name="connection.url">jdbc:mysql://localhost:3306/biblioteca</property>
        <property name="hibernate.dialect">org.hibernate.dialect.MySQLDialect</property>
        <property name="connection.username">root</property>
        <property name="connection.password">Root1234</property>
        <property name="show_sql">true</property>
        <property name="format_sql">true</property>
        <property name="hibernate.hbm2ddl.auto">validate</property>
        
        <!-- Archivos de mapeo -->
        <mapping resource="libros.hbm.xml" />
        <mapping resource="prestamos.hbm.xml" />
        
    </session-factory>
</hibernate-configuration>




