<?xml version="1.0"?>
<!DOCTYPE Configure PUBLIC "-//Jetty//Configure//EN"
  "http://www.eclipse.org/jetty/configure_9_3.dtd">

<Configure id="Server" class="org.eclipse.jetty.server.Server">
  <!-- Default connector. The Jetty stop port can be specified 
       in the .basex or pom.xml configuration file.  -->
  <Call name="addConnector">
    <Arg>
      <New id="httpConnector" class="org.eclipse.jetty.server.ServerConnector">
        <Arg name="server"><Ref refid="Server"/></Arg>
        <Set name="host">0.0.0.0</Set>
        <Set name="port">8080</Set>
        <Set name="idleTimeout">60000</Set>
        <Set name="reuseAddress">true</Set>
      </New>
    </Arg>
  </Call>
</Configure>
